{
  "total_registros": 4246,
  "organismos_unicos": 2,
  "estamentos_unicos": 4,
  "grados_unicos": 1,
  "fuentes_unicas": 2,
  "promedio_sueldo": 671280.7357512953,
  "mediana_sueldo": 683538.5,
  "min_sueldo": 23036.0,
  "max_sueldo": 3179206.0,
  "desv_std": 368014.0660317152
}